{"train_losses": [4.261855683527001, 3.601341734494984, 3.4680755681284205, 3.3994390362815414, 3.3549781269213255, 3.3218085225934533, 3.296849948833626, 3.2774670714667273, 3.2628304185347434, 3.250237996115868, 3.2397822589294734, 3.230813458521948, 3.2229472012046836, 3.2164844943754796, 3.211463690485882, 3.2071229950885245, 3.2036565706919515, 3.201000118511292, 3.1996475140892895, 3.198702501760624], "val_losses": [4.111891571498923, 4.011985397236614, 3.991767918577869, 3.967932611128703, 3.961619559827236, 3.952958213677996, 3.957028460553751, 3.9628003263916605, 3.951154814352727, 3.9641041072289207, 3.959619056675756, 3.9643736441191644, 3.966618394579011, 3.9694469813537054, 3.963062709190745, 3.963616054001836, 3.9647702557261795, 3.96385649905365, 3.963173121874293, 3.963307663574655]}