{"train_losses": [4.803909687744495, 4.037691944640486, 3.7792644574878684, 3.6387697288029104, 3.553482774627113, 3.4971255893468642, 3.457632172714929, 3.4286909070581704, 3.406245880706487, 3.3894818566759533, 3.3759627448756104, 3.3647330460961746, 3.3563463273700376, 3.349489757778178, 3.344137183718643, 3.3404791543907733, 3.3377719603445617, 3.3360007722000655, 3.3347954387000036, 3.3344783533674143], "val_losses": [4.423322619669261, 4.1979871653419805, 4.106637497302717, 4.052139876313172, 4.022097665808557, 4.004075136416464, 3.9989198649926556, 3.9960759418874745, 3.9811779360331494, 3.972694756730784, 3.973332435425219, 3.9692575231119935, 3.965068355639378, 3.966448393440656, 3.9639949704852593, 3.9648253878497326, 3.9651048415213332, 3.963179149484532, 3.9639195695444887, 3.9638295039012656]}