{"train_losses": [5.521750079573426, 4.788996164749732, 4.381934104762618, 4.144120239380538, 3.9984266969750673, 3.8985361148674005, 3.8252056290146705, 3.769272240748674, 3.7265162859568113, 3.6933875738881974, 3.667879547403794, 3.6482786463668453, 3.6329259783375787, 3.6217471088651463, 3.613317190993567, 3.606948637855809, 3.6032573990144297, 3.6009338212716355, 3.599898764275354, 3.5997124451627895], "val_losses": [5.343535161853433, 4.612459993430595, 4.419026892895865, 4.308749308494093, 4.244535202465371, 4.199626542228388, 4.1663237303133265, 4.137296491899688, 4.114625334484054, 4.095673186511462, 4.081144969747951, 4.072917724524847, 4.06360487055148, 4.059710586641923, 4.05603107049518, 4.0534535706937955, 4.05167217677282, 4.0511601398977914, 4.051294743972135, 4.05112735606501]}